{"top1_auc":0.22556005004170143,"_wandb":{"runtime":123},"acc_top1":0.6797331109257715,"pruning_rate":0.3,"group accuracy":{"3":0.4166666666666667,"2":0.26573426573426573,"0":0.7960526315789473,"1":0.7763157894736842},"_timestamp":1.7496551688258758e+09,"_runtime":123.251575868,"_step":10}