{"pruning_rate":0.3,"_wandb":{"runtime":289},"group accuracy (train)":{"3":0.27,"0":0.34,"1":0.7,"2":0.51},"_runtime":289.472028914,"top1_auc":0.13946323783224024,"acc_top1 (val)":0.5058681394546082,"_step":6,"acc_top1 (train)":0.455,"group accuracy (val)":{"1":0.7184035476718403,"0":0.37516629711751664,"3":0.17601246105919002,"2":0.5482866043613707},"_timestamp":1.750438180150448e+09}