{"_runtime":279.293213301,"_step":0,"acc_top1 (val)":0.34225060407317914,"acc_top1 (train)":0.35625,"pruning_rate":0,"group accuracy (val)":{"1":0.3578713968957871,"0":0.23902439024390243,"3":0.4797507788161994,"2":0.5124610591900312},"_timestamp":1.7497158031116924e+09,"_wandb":{"runtime":279},"group accuracy (train)":{"3":0.375,"1":0.35,"2":0.525,"0":0.175}}