{"group accuracy (train)":{"0":0.175,"3":0.375,"1":0.35,"2":0.525},"_runtime":341.035455132,"acc_top1 (train)":0.35625,"_step":0,"group accuracy (val)":{"3":0.4797507788161994,"2":0.5124610591900312,"1":0.3578713968957871,"0":0.23902439024390243},"_timestamp":1.7497128894787269e+09,"acc_top1 (val)":0.34225060407317914,"_wandb":{"runtime":341},"pruning_rate":0}