{"acc_top1 (train)":0.575,"pruning_rate":0.3,"_runtime":460.62784142,"group accuracy (train)":{"3":0.475,"0":0.625,"2":0.625,"1":0.575},"_wandb":{"runtime":460},"acc_top1 (val)":0.5552295478080773,"_step":10,"group accuracy (val)":{"3":0.5046728971962616,"2":0.5981308411214953,"1":0.5804878048780487,"0":0.532150776053215},"top1_auc":0.1727984121505005,"_timestamp":1.7496563852633626e+09}