{"top1_auc":0.5928482068390326,"_wandb":{"runtime":667},"group accuracy":{"0":0.006578947368421052,"1":0.05482456140350877,"3":0.9444444444444444,"2":0.9790209790209791},"_timestamp":1.7496537898237085e+09,"_runtime":667.38603496,"_step":20,"acc_top1":0.2535446205170976,"pruning_rate":0.95}