{"acc_top1 (val)":0.3344839489126683,"pruning_rate":0.3,"_runtime":261.221743719,"group accuracy (val)":{"0":0.2164079822616408,"3":0.45950155763239875,"2":0.5654205607476636,"1":0.35121951219512193},"_timestamp":1.750346294058547e+09,"top1_auc":0.10830600621332413,"_wandb":{"runtime":261},"_step":6,"acc_top1 (train)":0.45,"group accuracy (train)":{"2":0.6,"0":0.2,"1":0.5,"3":0.5}}