{"_wandb":{"runtime":449},"pruning_rate":0.3,"top1_auc":0.1727984121505005,"group accuracy (val)":{"1":0.5804878048780487,"0":0.532150776053215,"3":0.5046728971962616,"2":0.5981308411214953},"_step":10,"_timestamp":1.749657524746367e+09,"_runtime":449.463021101,"acc_top1 (train)":0.575,"acc_top1 (val)":0.5552295478080773,"group accuracy (train)":{"2":0.625,"1":0.575,"3":0.475,"0":0.625}}