{"_step":4,"group accuracy (val)":{"1":0.35121951219512193,"0":0.2164079822616408,"3":0.45950155763239875,"2":0.5654205607476636},"pruning_rate":0.3,"group accuracy (train)":{"0":0.2,"1":0.5,"3":0.5,"2":0.6},"_timestamp":1.7497176496324723e+09,"top1_auc":0.1082930617880566,"_runtime":233.200187203,"_wandb":{"runtime":233},"acc_top1 (train)":0.45,"acc_top1 (val)":0.3344839489126683}