{"group accuracy (train)":{"2":0.51,"3":0.45,"0":0.2,"1":0.3},"_step":6,"group accuracy (val)":{"3":0.4236760124610592,"2":0.5342679127725857,"1":0.3450110864745011,"0":0.21241685144124167},"pruning_rate":0.3,"_runtime":289.67023605,"_timestamp":1.7504043801133199e+09,"_wandb":{"runtime":289},"acc_top1 (val)":0.32309285467725235,"acc_top1 (train)":0.365,"top1_auc":0.10273904038660682}