{"group accuracy (train)":{"0":1,"3":0,"2":0,"1":1},"_timestamp":1.750844687798253e+09,"acc_top1 (val)":0.5,"_runtime":43.002333432,"_step":9,"acc_top1 (train)":0.5,"_wandb":{"runtime":43},"group accuracy (val)":{"1":1,"2":0,"3":0,"0":1},"pruning_rate":1,"top1_auc":0.5305624999999999}