{"_wandb":{"runtime":30},"acc_top1 (val)":0.56875,"_timestamp":1.750785379673505e+09,"_step":6,"group accuracy (train)":{"1":0.6,"0":0.7,"3":0.8,"2":0.3},"group accuracy (val)":{"1":0.725,"2":0.55,"3":0.55,"0":0.45},"acc_top1 (train)":0.6,"pruning_rate":0.3,"top1_auc":0.17056249999999995,"_runtime":30.196877437}