{"_timestamp":1.7503482318625202e+09,"_runtime":296.10811418,"_step":6,"group accuracy (val)":{"0":0.21241685144124167,"3":0.4236760124610592,"2":0.5342679127725857,"1":0.3450110864745011},"pruning_rate":0.3,"top1_auc":0.10273904038660682,"acc_top1 (val)":0.32309285467725235,"_wandb":{"runtime":296},"acc_top1 (train)":0.365,"group accuracy (train)":{"1":0.3,"2":0.51,"3":0.45,"0":0.2}}